{"Neuron 0 Omega":7.7075958251953125,"Validation Accuracy":1,"Train Loss":0.0011897817021235824,"Neuron 2 Omega":32.18524169921875,"_wandb":{"runtime":464},"_runtime":463.540639468,"Neuron 1 Omega":20.793302536010742,"Validation Loss":0.001203868247102946,"_timestamp":1.7380807551789072e+09,"_step":867,"Epoch":217,"Train Accuracy":1}