{"_step":0,"_timestamp":1.7374786788593748e+09,"Train Accuracy":0.34095238095238095,"Validation Loss":1.0986122488975525,"Epoch":1,"_wandb":{"runtime":10},"Validation Accuracy":0.32222222222222224,"_runtime":10.435775605,"Train Loss":1.098612109820048}