{"Neuron 133 Omega":36.34548568725586,"Neuron 50 Omega":27.680368423461914,"Neuron 27 Omega":84.69061279296875,"Neuron 204 Omega":47.80263900756836,"Neuron 225 Omega":22.259021759033203,"Neuron 74 Omega":82.05642700195312,"Neuron 46 Omega":58.87913131713867,"Neuron 233 Omega":29.636579513549805,"Neuron 218 Omega":68.67639923095703,"Neuron 36 Omega":73.94337463378906,"Neuron 230 Omega":27.680625915527344,"Neuron 183 Omega":51.442405700683594,"Neuron 165 Omega":24.18838882446289,"Neuron 85 Omega":29.302940368652344,"Neuron 67 Omega":30.965864181518555,"Neuron 217 Omega":57.43400573730469,"Neuron 118 Omega":62.422176361083984,"Neuron 140 Omega":15.129624366760254,"Neuron 43 Omega":22.934776306152344,"Neuron 209 Omega":32.87760925292969,"Neuron 175 Omega":80.25672149658203,"Neuron 102 Omega":56.94758605957031,"Neuron 163 Omega":36.17301559448242,"Neuron 4 Omega":52.11918258666992,"Neuron 248 Omega":38.4672966003418,"Neuron 64 Omega":58.81253433227539,"Train Accuracy":0.32761904761904764,"Neuron 182 Omega":49.00981521606445,"Epoch":1,"Neuron 28 Omega":19.77972412109375,"Neuron 109 Omega":44.47441864013672,"Neuron 94 Omega":80.91323852539062,"Neuron 88 Omega":57.02660369873047,"Neuron 201 Omega":35.176231384277344,"_step":256,"Neuron 238 Omega":68.03160858154297,"Neuron 122 Omega":53.37729263305664,"Neuron 48 Omega":53.76973342895508,"Neuron 57 Omega":58.89524459838867,"Neuron 195 Omega":62.16069793701172,"Neuron 3 Omega":66.26758575439453,"Neuron 7 Omega":67.04795837402344,"Neuron 245 Omega":16.471633911132812,"Neuron 73 Omega":40.462158203125,"Neuron 164 Omega":73.27397155761719,"Neuron 45 Omega":43.94695281982422,"Neuron 231 Omega":49.68424606323242,"Neuron 152 Omega":34.35311508178711,"Neuron 186 Omega":34.28572463989258,"Neuron 153 Omega":40.49594497680664,"Neuron 31 Omega":61.719276428222656,"Neuron 143 Omega":27.055341720581055,"Neuron 32 Omega":32.60666275024414,"Neuron 117 Omega":69.76142120361328,"Neuron 22 Omega":31.499296188354492,"Neuron 53 Omega":52.88591384887695,"Neuron 10 Omega":82.75479125976562,"Neuron 105 Omega":77.92323303222656,"Neuron 25 Omega":52.10173416137695,"Neuron 104 Omega":27.85934829711914,"Neuron 219 Omega":49.20636749267578,"Neuron 9 Omega":35.03894805908203,"Neuron 196 Omega":50.30326843261719,"Neuron 106 Omega":77.57560729980469,"Neuron 90 Omega":18.46166229248047,"Neuron 162 Omega":40.962093353271484,"Neuron 134 Omega":17.421213150024414,"Neuron 59 Omega":62.46779251098633,"Neuron 158 Omega":33.3474006652832,"Neuron 146 Omega":84.67565155029297,"Neuron 178 Omega":21.024625778198242,"Neuron 21 Omega":42.86159133911133,"Neuron 154 Omega":50.65454864501953,"Neuron 228 Omega":23.648515701293945,"Neuron 240 Omega":35.09611511230469,"Neuron 100 Omega":47.116859436035156,"Neuron 229 Omega":47.89109420776367,"Neuron 19 Omega":48.189754486083984,"Neuron 41 Omega":23.895172119140625,"Neuron 5 Omega":61.55720520019531,"Neuron 68 Omega":22.903987884521484,"Neuron 65 Omega":30.169584274291992,"Neuron 222 Omega":17.44332504272461,"Neuron 77 Omega":83.3041000366211,"Neuron 244 Omega":81.2271728515625,"Neuron 139 Omega":67.38739776611328,"Neuron 151 Omega":35.64684295654297,"Neuron 61 Omega":43.82354736328125,"Neuron 30 Omega":41.42898178100586,"Neuron 93 Omega":56.410518646240234,"Neuron 108 Omega":56.9685173034668,"Neuron 23 Omega":54.63153839111328,"Train Loss":1.098612109820048,"Neuron 221 Omega":53.33614730834961,"Neuron 63 Omega":25.760169982910156,"Neuron 171 Omega":55.64678192138672,"Neuron 207 Omega":65.82846069335938,"Neuron 15 Omega":79.7174072265625,"Neuron 11 Omega":43.73625183105469,"Neuron 174 Omega":47.68932342529297,"Neuron 29 Omega":33.3988037109375,"Neuron 192 Omega":37.86363983154297,"Neuron 150 Omega":16.25539779663086,"Neuron 107 Omega":50.93492126464844,"Neuron 188 Omega":57.816322326660156,"Neuron 216 Omega":53.18967819213867,"Neuron 180 Omega":76.36888122558594,"Neuron 69 Omega":55.64991760253906,"Neuron 71 Omega":60.699337005615234,"Neuron 184 Omega":72.02509307861328,"Neuron 177 Omega":65.9933090209961,"Neuron 189 Omega":70.1281509399414,"Neuron 128 Omega":65.02661895751953,"Neuron 250 Omega":66.5258560180664,"Neuron 172 Omega":56.6480827331543,"Neuron 213 Omega":45.615962982177734,"Neuron 2 Omega":72.86416625976562,"Neuron 246 Omega":27.159923553466797,"Neuron 167 Omega":21.844745635986328,"Neuron 12 Omega":47.71965026855469,"Neuron 24 Omega":49.72740936279297,"Neuron 112 Omega":59.12269592285156,"Neuron 39 Omega":45.41560363769531,"Neuron 91 Omega":60.817508697509766,"Neuron 141 Omega":37.0662727355957,"Neuron 113 Omega":27.549673080444336,"Neuron 127 Omega":40.52524948120117,"Neuron 58 Omega":55.399696350097656,"Neuron 6 Omega":41.77029800415039,"Neuron 20 Omega":74.72364807128906,"Neuron 236 Omega":19.166135787963867,"Neuron 187 Omega":77.44558715820312,"Neuron 156 Omega":70.31230163574219,"Neuron 169 Omega":19.826868057250977,"Neuron 212 Omega":55.91868209838867,"Neuron 34 Omega":71.96963500976562,"Neuron 203 Omega":49.8447265625,"Neuron 87 Omega":33.8959846496582,"Neuron 125 Omega":44.90593338012695,"Neuron 62 Omega":51.51426315307617,"Neuron 8 Omega":83.68883514404297,"Neuron 208 Omega":24.112476348876953,"Neuron 227 Omega":63.39405059814453,"Neuron 161 Omega":14.8331937789917,"Neuron 194 Omega":67.80010223388672,"Neuron 241 Omega":58.433048248291016,"Neuron 26 Omega":40.14304733276367,"Neuron 13 Omega":74.61983489990234,"Neuron 80 Omega":42.700340270996094,"Neuron 42 Omega":17.02777671813965,"Neuron 223 Omega":62.05885696411133,"Neuron 197 Omega":41.689334869384766,"Neuron 82 Omega":63.19551086425781,"Neuron 166 Omega":29.323816299438477,"Neuron 56 Omega":43.119346618652344,"Neuron 243 Omega":35.485103607177734,"Neuron 159 Omega":25.806068420410156,"Neuron 126 Omega":83.35834503173828,"Neuron 173 Omega":80.8248062133789,"_runtime":14.546991686,"Neuron 86 Omega":77.85546875,"Neuron 224 Omega":56.39434051513672,"Neuron 54 Omega":44.69906234741211,"Neuron 160 Omega":84.21414184570312,"Neuron 199 Omega":19.567697525024414,"Neuron 214 Omega":23.787551879882812,"Neuron 205 Omega":32.35245132446289,"Neuron 211 Omega":82.05094146728516,"Neuron 179 Omega":68.73165893554688,"Neuron 144 Omega":27.1700439453125,"Neuron 131 Omega":22.3305721282959,"Neuron 247 Omega":56.65719223022461,"Neuron 60 Omega":83.20242309570312,"Neuron 253 Omega":84.67318725585938,"Neuron 191 Omega":55.098941802978516,"Neuron 249 Omega":63.524871826171875,"Neuron 79 Omega":29.258691787719727,"Neuron 44 Omega":39.579925537109375,"Neuron 78 Omega":57.54899978637695,"Neuron 234 Omega":61.92340850830078,"Neuron 155 Omega":70.60408020019531,"Neuron 232 Omega":74.94437408447266,"Neuron 193 Omega":18.869239807128906,"Neuron 190 Omega":38.680450439453125,"Neuron 135 Omega":34.03730392456055,"Neuron 99 Omega":30.997888565063477,"Neuron 16 Omega":36.9578742980957,"Neuron 14 Omega":67.95730590820312,"Neuron 116 Omega":35.057884216308594,"Neuron 157 Omega":40.650245666503906,"Neuron 210 Omega":17.322036743164062,"Neuron 84 Omega":35.00059127807617,"Neuron 89 Omega":34.285850524902344,"Neuron 251 Omega":30.58424949645996,"Neuron 70 Omega":34.2198371887207,"Neuron 137 Omega":71.15911865234375,"Neuron 176 Omega":42.1980094909668,"Neuron 33 Omega":48.33897018432617,"Neuron 95 Omega":31.910207748413086,"Neuron 98 Omega":76.0102767944336,"Neuron 75 Omega":77.88104248046875,"Neuron 129 Omega":71.78968048095703,"Neuron 123 Omega":36.54060363769531,"Neuron 252 Omega":65.82231140136719,"Neuron 111 Omega":68.74933624267578,"Neuron 18 Omega":26.505672454833984,"Neuron 119 Omega":67.07443237304688,"Neuron 101 Omega":48.86469650268555,"Neuron 66 Omega":36.173038482666016,"Neuron 147 Omega":45.202049255371094,"Neuron 49 Omega":73.12328338623047,"Neuron 35 Omega":84.04145812988281,"Neuron 55 Omega":22.820043563842773,"Neuron 17 Omega":71.2299575805664,"Neuron 96 Omega":58.13643264770508,"Neuron 202 Omega":71.5224380493164,"Neuron 145 Omega":65.76436614990234,"Neuron 52 Omega":29.603759765625,"Neuron 254 Omega":73.84446716308594,"Neuron 130 Omega":28.31900405883789,