{"Neuron 195 Omega":38.17047119140625,"Neuron 153 Omega":52.318153381347656,"Neuron 48 Omega":69.33604431152344,"Neuron 189 Omega":44.88726806640625,"Neuron 137 Omega":45.69413375854492,"Neuron 253 Omega":24.551462173461914,"Neuron 202 Omega":26.16106605529785,"Neuron 110 Omega":17.663719177246094,"Neuron 234 Omega":41.70502853393555,"Neuron 252 Omega":24.165048599243164,"Neuron 235 Omega":88.38653564453125,"Neuron 158 Omega":20.20684051513672,"Neuron 112 Omega":12.44745922088623,"Neuron 56 Omega":24.061824798583984,"Neuron 40 Omega":21.41827964782715,"Neuron 250 Omega":19.94731903076172,"Neuron 60 Omega":43.7708740234375,"Neuron 201 Omega":18.082355499267578,"Neuron 151 Omega":50.878753662109375,"Neuron 164 Omega":41.69129943847656,"Neuron 242 Omega":12.155628204345703,"Neuron 130 Omega":13.048299789428711,"_runtime":171.619921528,"Neuron 17 Omega":45.53142547607422,"Neuron 37 Omega":4.084603786468506,"Neuron 68 Omega":21.146072387695312,"Neuron 15 Omega":26.103191375732422,"Neuron 144 Omega":58.62064743041992,"Neuron 111 Omega":17.76814079284668,"Neuron 71 Omega":74.10408020019531,"Neuron 80 Omega":6.252142906188965,"Neuron 95 Omega":84.4768295288086,"Neuron 34 Omega":19.613252639770508,"Neuron 36 Omega":50.46621322631836,"Train Accuracy":1,"Neuron 187 Omega":57.328433990478516,"Neuron 127 Omega":13.158217430114746,"Neuron 26 Omega":67.74073791503906,"Neuron 206 Omega":71.84648132324219,"Neuron 241 Omega":79.5809097290039,"Neuron 51 Omega":19.390277862548828,"Neuron 19 Omega":42.35781478881836,"Neuron 120 Omega":73.1013412475586,"Neuron 181 Omega":20.80076789855957,"Neuron 42 Omega":33.29489517211914,"Neuron 165 Omega":49.05335998535156,"Neuron 11 Omega":22.626867294311523,"Neuron 240 Omega":53.56413650512695,"Neuron 101 Omega":73.54606628417969,"Neuron 245 Omega":65.18675994873047,"Neuron 88 Omega":30.5770320892334,"Neuron 167 Omega":17.89017105102539,"Neuron 63 Omega":43.33024597167969,"Neuron 90 Omega":60.00905227661133,"Neuron 1 Omega":42.387603759765625,"Neuron 113 Omega":46.574073791503906,"Neuron 79 Omega":47.66461181640625,"Neuron 163 Omega":26.821542739868164,"Neuron 160 Omega":59.923492431640625,"Neuron 126 Omega":35.01933288574219,"Neuron 228 Omega":41.43349075317383,"Neuron 171 Omega":29.09726333618164,"Neuron 64 Omega":75.19464111328125,"Neuron 172 Omega":21.651063919067383,"Neuron 237 Omega":41.555904388427734,"Neuron 33 Omega":64.81907653808594,"Neuron 190 Omega":22.1103572845459,"Neuron 52 Omega":69.81999969482422,"Neuron 49 Omega":40.02273941040039,"Neuron 16 Omega":83.13479614257812,"Neuron 207 Omega":21.6583309173584,"Neuron 132 Omega":67.82493591308594,"Neuron 85 Omega":81.55127716064453,"Neuron 247 Omega":31.685205459594727,"Neuron 255 Omega":23.31735610961914,"Neuron 45 Omega":20.0782470703125,"Neuron 176 Omega":14.04041862487793,"Neuron 224 Omega":55.464508056640625,"Neuron 246 Omega":11.773924827575684,"Neuron 150 Omega":66.96961975097656,"Neuron 58 Omega":20.61341094970703,"Neuron 131 Omega":12.618249893188477,"Neuron 73 Omega":35.183013916015625,"_wandb":{"runtime":172},"Neuron 109 Omega":75.76203155517578,"Neuron 114 Omega":20.07611656188965,"Neuron 162 Omega":14.532732963562012,"Neuron 212 Omega":82.53653717041016,"Neuron 152 Omega":22.644439697265625,"Neuron 55 Omega":64.17832946777344,"Neuron 177 Omega":50.0950813293457,"Neuron 108 Omega":10.995141983032227,"Neuron 59 Omega":24.27863883972168,"Neuron 61 Omega":36.09559631347656,"Neuron 179 Omega":58.4724235534668,"Neuron 216 Omega":40.82803726196289,"Neuron 229 Omega":19.9825382232666,"Neuron 21 Omega":49.22317886352539,"Neuron 87 Omega":47.37330627441406,"Neuron 215 Omega":45.56273651123047,"Neuron 116 Omega":34.10490798950195,"Neuron 107 Omega":64.55917358398438,"Neuron 218 Omega":81.78551483154297,"Neuron 105 Omega":24.630287170410156,"Neuron 115 Omega":15.68589973449707,"Neuron 66 Omega":20.415340423583984,"Neuron 22 Omega":66.82109069824219,"Neuron 7 Omega":37.30569839477539,"Neuron 38 Omega":23.64934730529785,"Neuron 75 Omega":36.053733825683594,"Neuron 53 Omega":62.87245559692383,"_timestamp":1.737479920678738e+09,"Neuron 57 Omega":48.529788970947266,"Neuron 118 Omega":39.88843536376953,"Neuron 159 Omega":79.21446990966797,"Neuron 46 Omega":10.924361228942871,"Neuron 239 Omega":61.05716323852539,"Neuron 194 Omega":27.342037200927734,"Neuron 100 Omega":37.98576736450195,"Neuron 197 Omega":59.40052795410156,"Neuron 30 Omega":17.797929763793945,"Neuron 74 Omega":12.889514923095703,"Neuron 10 Omega":46.980377197265625,"Neuron 232 Omega":40.23988342285156,"Neuron 210 Omega":71.82981872558594,"Neuron 178 Omega":82.84004211425781,"Neuron 226 Omega":80.09679412841797,"Neuron 251 Omega":49.367210388183594,"Neuron 203 Omega":39.725807189941406,"Neuron 2 Omega":59.34718704223633,"Neuron 135 Omega":22.346248626708984,"Neuron 23 Omega":56.29039001464844,"Neuron 82 Omega":78.01559448242188,"_step":23386,"Neuron 54 Omega":44.52029800415039,"Neuron 0 Omega":24.47637176513672,"Neuron 93 Omega":12.934958457946777,"Neuron 199 Omega":19.553390502929688,"Neuron 222 Omega":34.00555419921875,"Neuron 168 Omega":55.17080307006836,"Neuron 214 Omega":58.699947357177734,"Neuron 243 Omega":15.217911720275879,"Neuron 29 Omega":19.95779800415039,"Neuron 134 Omega":32.09872055053711,"Neuron 86 Omega":59.49392318725586,"Neuron 96 Omega":39.99215316772461,"Neuron 91 Omega":84.57846069335938,"Epoch":91,"Neuron 123 Omega":37.419254302978516,"Neuron 156 Omega":72.08931732177734,"Neuron 3 Omega":24.27050018310547,"Neuron 83 Omega":19.821382522583008,"Neuron 185 Omega":47.669334411621094,"Neuron 155 Omega":50.13245391845703,"Neuron 77 Omega":46.52373504638672,"Neuron 205 Omega":49.30599594116211,"Neuron 254 Omega":24.15860939025879,"Neuron 70 Omega":43.16111755371094,"Neuron 89 Omega":20.623706817626953,"Neuron 76 Omega":31.82520866394043,"Neuron 31 Omega":15.78335952758789,"Neuron 180 Omega":40.51285171508789,"Neuron 149 Omega":27.662498474121094,"Neuron 122 Omega":16.719846725463867,"Neuron 50 Omega":49.791011810302734,"Neuron 219 Omega":62.71360397338867,"Neuron 104 Omega":19.93197250366211,"Neuron 128 Omega":81.37525939941406,"Neuron 97 Omega":67.29615783691406,"Neuron 69 Omega":65.70812225341797,"Neuron 28 Omega":37.76160430908203,"Neuron 140 Omega":18.856285095214844,"Neuron 106 Omega":7.2367048263549805,"Neuron 99 Omega":83.65558624267578,"Neuron 14 Omega":27.064777374267578,"Neuron 191 Omega":22.867443084716797,"Neuron 148 Omega":77.03314208984375,"Neuron 170 Omega":48.512596130371094,"Neuron 166 Omega":54.492496490478516,"Neuron 62 Omega":58.95848083496094,"Neuron 249 Omega":66.66175842285156,"Neuron 41 Omega":85.65685272216797,"Neuron 213 Omega":45.757110595703125,"Neuron 227 Omega":12.878035545349121,"Neuron 220 Omega":27.98552703857422,"Train Loss":0.00027053950260677893,"Neuron 204 Omega":21.152597427368164,"Neuron 192 Omega":79.2939682006836,"Neuron 209 Omega":29.786235809326172,"Neuron 5 Omega":59.408843994140625,"Neuron 223 Omega":20.518295288085938,"Neuron 154 Omega":23.015243530273438,"Neuron 208 Omega":21.131023406982422,"Neuron 98 Omega":28.681854248046875,"Neuron 182 Omega":51.51136016845703,"Neuron 147 Omega":46.23185729980469,"Neuron 24 Omega":36.777931213378906,"Neuron 13 Omega":3.872103452682495,"Neuron 12 Omega":54.61249923706055,"Neuron 25 Omega":6.698758602142334,"Neuron 198 Omega":20.182804107666016,"Neuron 44 Omega":23.187631607055664,"Neuron 72 Omega":67.19273376464844,"Neuron 8 Omega":28.08260154724121,"Neuron 102 Omega":71.08021545410156,"Neuron 6 Omega":45.103248596191406,"Neuron 244 Omega":52.159603118896484,"Neuron 119 Omega":20.145849227905273,"Validation Accuracy":0.9977777777777778,"Neuron 9 Omega":34.166893005371094,"Neuron 92 Omega":55.92829513549805,"Neuron 65 Omega":84.56468963623047,"Neuron 186 Omega":6.019661903381348,"Neuron 211 Omega":77.4384994506836,"Neuron 196 Omega":24.3991641998291,"Neuron 32 Omega":22.37738609313965,"Neuron 225 Omega":61.77801513671875,"Neuron 200 Omega":78.44313049316406,"Neuron 125 Omega":18.217771530151367,