{"_runtime":155.51112969,"_timestamp":1.7376230370358312e+09,"Neuron 8 Omega":-0.026122044771909714,"Neuron 9 Omega":7.179951190948486,"_step":549,"Neuron 3 Omega":33.53640365600586,"_wandb":{"runtime":158},"Validation Loss":0.08736258000135422,"Neuron 7 Omega":9.425424575805664,"Neuron 4 Omega":3.088395357131958,"Neuron 1 Omega":22.971454620361328,"Neuron 0 Omega":17.02140998840332,"Epoch":50,"Neuron 2 Omega":37.66682052612305,"Train Loss":0.08886281897624333,"Neuron 5 Omega":30.3966121673584,"Neuron 6 Omega":13.654881477355957}