{"_runtime":10.267427382,"Train Accuracy":0.33666666666666667,"_step":0,"Validation Loss":1.0986122488975525,"_wandb":{"runtime":10},"_timestamp":1.737479001359833e+09,"Epoch":1,"Train Loss":1.098612109820048,"Validation Accuracy":0.31333333333333335}