{"Neuron 231 Omega":22.24776840209961,"Neuron 88 Omega":47.33156967163086,"Neuron 178 Omega":39.20478439331055,"Neuron 248 Omega":68.53245544433594,"Neuron 242 Omega":80.68679809570312,"Neuron 78 Omega":21.60832977294922,"Neuron 125 Omega":58.20845413208008,"Neuron 75 Omega":33.74396514892578,"Neuron 154 Omega":78.34647369384766,"Neuron 188 Omega":34.259944915771484,"Neuron 46 Omega":69.88319396972656,"Neuron 214 Omega":60.19520568847656,"Neuron 207 Omega":46.3769645690918,"Neuron 173 Omega":40.90031051635742,"Neuron 13 Omega":47.97425079345703,"Neuron 57 Omega":23.753644943237305,"Neuron 110 Omega":61.57371139526367,"Neuron 152 Omega":48.24760818481445,"Neuron 35 Omega":68.62291717529297,"Neuron 246 Omega":72.40930938720703,"Neuron 50 Omega":15.509267807006836,"Neuron 93 Omega":21.64384651184082,"Neuron 204 Omega":24.636669158935547,"Neuron 58 Omega":26.60222625732422,"Neuron 181 Omega":46.03547286987305,"Neuron 171 Omega":12.023754119873047,"Neuron 182 Omega":49.08290100097656,"Neuron 51 Omega":25.601654052734375,"Neuron 162 Omega":38.79721450805664,"_timestamp":1.737480155035718e+09,"Neuron 169 Omega":73.5238037109375,"Neuron 144 Omega":25.23341178894043,"Neuron 126 Omega":24.522624969482422,"Neuron 191 Omega":15.446630477905273,"Neuron 153 Omega":25.914653778076172,"Neuron 41 Omega":48.754329681396484,"Validation Loss":2.564015449024737e-05,"Neuron 252 Omega":55.61918258666992,"Neuron 170 Omega":11.436800956726074,"Neuron 189 Omega":80.66506958007812,"Neuron 19 Omega":81.91382598876953,"Neuron 180 Omega":74.2809829711914,"Neuron 53 Omega":28.650344848632812,"Neuron 240 Omega":59.218624114990234,"Neuron 243 Omega":58.05004119873047,"Neuron 166 Omega":67.22818756103516,"Neuron 232 Omega":15.592300415039062,"Neuron 44 Omega":85.63872528076172,"Neuron 172 Omega":58.78729248046875,"Neuron 69 Omega":60.0848388671875,"Neuron 195 Omega":14.780048370361328,"Neuron 136 Omega":70.11984252929688,"Neuron 158 Omega":21.62717628479004,"Neuron 31 Omega":37.130680084228516,"Neuron 96 Omega":57.2273063659668,"Neuron 37 Omega":79.57353210449219,"Neuron 113 Omega":13.209473609924316,"Neuron 254 Omega":25.584333419799805,"Neuron 121 Omega":32.36670684814453,"Neuron 17 Omega":58.56449508666992,"Neuron 106 Omega":8.12373161315918,"Neuron 47 Omega":77.77061462402344,"Neuron 202 Omega":33.262107849121094,"Neuron 54 Omega":30.48660659790039,"Neuron 81 Omega":21.284255981445312,"Neuron 129 Omega":25.232582092285156,"Neuron 99 Omega":53.60652542114258,"Neuron 25 Omega":20.625782012939453,"Neuron 29 Omega":53.233150482177734,"Neuron 61 Omega":28.57943344116211,"Neuron 21 Omega":73.38227081298828,"Neuron 253 Omega":71.28038787841797,"Neuron 209 Omega":70.28663635253906,"Validation Accuracy":1,"Neuron 201 Omega":41.68170166015625,"Neuron 239 Omega":35.193572998046875,"Neuron 208 Omega":31.724210739135742,"Neuron 237 Omega":51.275245666503906,"Neuron 4 Omega":33.70237731933594,"Neuron 244 Omega":-0.001395306782796979,"Neuron 22 Omega":67.27669525146484,"Neuron 139 Omega":37.36363983154297,"Neuron 104 Omega":70.04104614257812,"Neuron 141 Omega":27.00271224975586,"Neuron 149 Omega":71.021240234375,"Neuron 159 Omega":20.521318435668945,"Neuron 138 Omega":58.762603759765625,"Neuron 11 Omega":28.252897262573242,"Neuron 167 Omega":25.48775863647461,"Neuron 72 Omega":59.07041931152344,"Neuron 77 Omega":85.87711334228516,"Neuron 227 Omega":42.811519622802734,"Neuron 14 Omega":59.825531005859375,"Neuron 168 Omega":60.4698371887207,"Neuron 23 Omega":46.259159088134766,"Neuron 187 Omega":62.561954498291016,"Neuron 247 Omega":69.00541687011719,"Neuron 193 Omega":36.12316131591797,"Neuron 151 Omega":54.706966400146484,"Neuron 225 Omega":80.20416259765625,"Neuron 3 Omega":66.17965698242188,"Neuron 97 Omega":65.3569107055664,"Neuron 20 Omega":45.33501434326172,"Neuron 119 Omega":59.301513671875,"Neuron 128 Omega":11.643726348876953,"Neuron 5 Omega":53.46391677856445,"Neuron 84 Omega":32.9855842590332,"Neuron 236 Omega":63.15730667114258,"Neuron 26 Omega":53.73538589477539,"_wandb":{"runtime":142},"Neuron 148 Omega":85.37114715576172,"Neuron 91 Omega":70.03272247314453,"Neuron 135 Omega":29.148216247558594,"Neuron 211 Omega":79.94461059570312,"Neuron 175 Omega":15.324285507202148,"Neuron 198 Omega":36.6057014465332,"Neuron 235 Omega":23.044078826904297,"Neuron 146 Omega":55.081520080566406,"Epoch":73,"Neuron 212 Omega":61.524959564208984,"Neuron 192 Omega":6.183504581451416,"Neuron 221 Omega":86.57801818847656,"Neuron 150 Omega":29.825063705444336,"Neuron 39 Omega":83.34037017822266,"Neuron 140 Omega":34.381046295166016,"Neuron 1 Omega":20.91253662109375,"Neuron 49 Omega":53.21150588989258,"Neuron 215 Omega":72.05211639404297,"Neuron 120 Omega":22.589994430541992,"Train Loss":2.84387549779947e-05,"Neuron 9 Omega":32.91858673095703,"Neuron 185 Omega":40.40548324584961,"Neuron 89 Omega":41.415916442871094,"Neuron 86 Omega":60.64103317260742,"Neuron 223 Omega":26.704378128051758,"Neuron 111 Omega":55.41482925415039,"Neuron 56 Omega":3.7473723888397217,"Neuron 114 Omega":28.10508918762207,"Neuron 105 Omega":23.918779373168945,"Neuron 66 Omega":4.652462005615234,"Neuron 28 Omega":25.28349494934082,"Neuron 161 Omega":0.4881296455860138,"Neuron 238 Omega":63.55775833129883,"Neuron 184 Omega":31.05509376525879,"Neuron 145 Omega":55.896697998046875,"Neuron 90 Omega":67.24475860595703,"Neuron 234 Omega":78.7042465209961,"Neuron 36 Omega":25.63214111328125,"Neuron 116 Omega":81.74288940429688,"Neuron 197 Omega":26.312097549438477,"Neuron 87 Omega":20.8869686126709,"Neuron 122 Omega":7.160398960113525,"Neuron 213 Omega":27.96223258972168,"Neuron 52 Omega":61.61690902709961,"Neuron 177 Omega":81.25147247314453,"Neuron 155 Omega":55.86013412475586,"Neuron 100 Omega":3.9806432723999023,"Neuron 94 Omega":49.69059753417969,"Neuron 179 Omega":11.215250968933105,"_runtime":141.382904957,"Neuron 229 Omega":68.71310424804688,"Neuron 79 Omega":47.891902923583984,"Neuron 112 Omega":34.36016845703125,"Neuron 10 Omega":31.962627410888672,"Neuron 70 Omega":13.199423789978027,"Neuron 132 Omega":60.13372039794922,"Neuron 163 Omega":79.32715606689453,"Neuron 30 Omega":49.32267379760742,"Neuron 203 Omega":82.6988525390625,"Neuron 55 Omega":29.357385635375977,"Neuron 255 Omega":31.06273651123047,"Neuron 67 Omega":84.63833618164062,"Neuron 133 Omega":26.752859115600586,"Neuron 48 Omega":39.048851013183594,"Neuron 59 Omega":21.77595329284668,"Neuron 80 Omega":77.52298736572266,"Neuron 220 Omega":86.18110656738281,"Neuron 199 Omega":6.821543216705322,"Neuron 222 Omega":40.82962417602539,"Neuron 108 Omega":10.95194149017334,"Neuron 176 Omega":22.6771183013916,"Train Accuracy":1,"Neuron 157 Omega":22.10230827331543,"Neuron 76 Omega":49.62485885620117,"Neuron 85 Omega":9.176200705951487e-07,"Neuron 2 Omega":11.269539833068848,"Neuron 241 Omega":64.75736236572266,"Neuron 210 Omega":14.775976181030273,"Neuron 43 Omega":24.926681518554688,"Neuron 109 Omega":82.05453491210938,"Neuron 8 Omega":60.88387680053711,"Neuron 142 Omega":72.47102355957031,"Neuron 224 Omega":84.70148468017578,"Neuron 6 Omega":41.864784240722656,"Neuron 0 Omega":55.4040412902832,"Neuron 131 Omega":59.62835693359375,"Neuron 38 Omega":80.6258316040039,"Neuron 40 Omega":22.021087646484375,"Neuron 74 Omega":39.16924285888672,"Neuron 24 Omega":78.02452850341797,"Neuron 156 Omega":29.197288513183594,"Neuron 123 Omega":69.19396209716797,"Neuron 102 Omega":36.829627990722656,"Neuron 186 Omega":21.636920928955078,"Neuron 62 Omega":29.434860229492188,"Neuron 218 Omega":42.70344924926758,"Neuron 230 Omega":65.93817138671875,"Neuron 63 Omega":24.622283935546875,"Neuron 107 Omega":28.746261596679688,"Neuron 7 Omega":59.42611312866211,"Neuron 183 Omega":87.37227630615234,"Neuron 65 Omega":54.04664611816406,"Neuron 190 Omega":44.57810592651367,"Neuron 68 Omega":59.789459228515625,"Neuron 206 Omega":15.858404159545898,"Neuron 115 Omega":1.2396520376205444,"Neuron 15 Omega":46.428958892822266,"Neuron 127 Omega":1.275876522064209,"Neuron 124 Omega":61.99996566772461,