{"Validation Accuracy":0.3488888888888889,"_runtime":12.430845545,"_wandb":{"runtime":12},"Validation Loss":1.0986122488975525,"Train Accuracy":0.3333333333333333,"_step":0,"_timestamp":1.7374782473545864e+09,"Train Loss":1.098612109820048,"Epoch":1}