{"Validation Loss":0.37600554525852203,"Neuron 0 Omega":19.13411521911621,"Neuron 4 Omega":19.25029182434082,"Train Loss":0.3732069465849135,"Epoch":103,"Neuron 1 Omega":-0.004124432802200317,"Neuron 2 Omega":8.535101890563965,"_step":617,"Validation Accuracy":0.66,"_runtime":199.357681469,"_wandb":{"runtime":201},"Train Accuracy":0.6676190476190477,"Neuron 3 Omega":0.0027440430130809546,"_timestamp":1.7376262911029317e+09}