{"Train Accuracy":0.42142857142857143,"_runtime":15.143154124,"_timestamp":1.737542306632301e+09,"_wandb":{"runtime":15},"Epoch":1,"Validation Accuracy":0.3511111111111111,"_step":0,"Validation Loss":1.0487924218177795,"Train Loss":1.0744843747880723}