{"Train Loss":0.09380928923686345,"Neuron 1 Omega":17.890134811401367,"Neuron 2 Omega":5.325559139251709,"Neuron 4 Omega":4.663907527923584,"Epoch":161,"_timestamp":1.7376238171685622e+09,"Neuron 3 Omega":27.91347312927246,"_step":965,"Validation Loss":0.09163005277514458,"_runtime":463.111598385,"_wandb":{"runtime":463},"Neuron 0 Omega":31.75927734375}