{"Train Loss":0.5005151165856255,"_wandb":{"runtime":19},"Validation Loss":0.5010210573673248,"_timestamp":1.737622326103696e+09,"_runtime":18.44312409,"_step":4,"Epoch":5}