{"Validation Loss":0.3459407687187195,"_timestamp":1.7376226838405478e+09,"_runtime":266.962163731,"_step":90,"_wandb":{"runtime":267},"Epoch":91,"Train Loss":0.33742666575643754}