{"Neuron 7 Omega":32.60057830810547,"_step":582,"Neuron 1 Omega":33.402408599853516,"Neuron 0 Omega":11.026309967041016,"Neuron 2 Omega":12.118021965026855,"Neuron 4 Omega":10.836999893188477,"_runtime":151.79449774,"_wandb":{"runtime":152},"Neuron 6 Omega":10.533332824707031,"Neuron 8 Omega":12.25029468536377,"_timestamp":1.7376228606602964e+09,"Neuron 9 Omega":10.52689266204834,"Neuron 5 Omega":23.399425506591797,"Validation Loss":0.4073694795370102,"Epoch":53,"Train Loss":0.4128189848528968,"Neuron 3 Omega":33.25021743774414}