{"Validation Accuracy":0.3688888888888889,"_runtime":54.849405822,"Train Accuracy":0.3271428571428571,"Epoch":22,"Train Loss":0.7574548986223009,"Neuron 1 Omega":6.742641925811768,"Neuron 3 Omega":8.935400009155273,"Validation Loss":0.7265703678131104,"_wandb":{"runtime":56},"_step":131,"_timestamp":1.7376263627961552e+09,"Neuron 2 Omega":8.788779258728027,"Neuron 0 Omega":7.139530658721924,"Neuron 4 Omega":7.816022872924805}