{"_wandb":{"runtime":10},"Train Accuracy":0.3333333333333333,"_step":0,"Epoch":1,"Train Loss":1.098612109820048,"_timestamp":1.737478831561828e+09,"Validation Loss":1.0986122488975525,"Validation Accuracy":0.3466666666666667,"_runtime":10.288373705}