{"_runtime":135.453820734,"Epoch":67,"_wandb":{"runtime":136},"Validation Accuracy":0.6844444444444444,"Neuron 0 Omega":-0.3370121419429779,"_step":267,"Validation Loss":0.37832777202129364,"Neuron 1 Omega":6.7187089920043945,"_timestamp":1.7380812328229034e+09,"Neuron 2 Omega":18.7830867767334,"Train Loss":0.4066721234056685,"Train Accuracy":0.6652380952380952}