{"Validation Accuracy":0.6377777777777778,"Neuron 2 Omega":17.907949447631836,"Neuron 3 Omega":7.166961193084717,"Epoch":66,"_timestamp":1.7375414479348714e+09,"_step":395,"Validation Loss":0.42206236720085144,"Train Loss":0.43254543013042873,"Train Accuracy":0.6361904761904762,"Neuron 4 Omega":-2.5229107336599554e-07,"Neuron 0 Omega":17.979816436767578,"Neuron 1 Omega":-1.2482289868387397e-08,"_runtime":134.116538697,"_wandb":{"runtime":135}}