{"Train Accuracy":0.6638095238095238,"_wandb":{"runtime":137},"Neuron 2 Omega":19.13068962097168,"Validation Loss":0.4218267798423767,"Validation Accuracy":0.6755555555555556,"Neuron 0 Omega":19.215898513793945,"Epoch":54,"_timestamp":1.7375597413493245e+09,"_step":215,"Train Loss":0.43111733595530194,"Neuron 1 Omega":7.572073459625244,"_runtime":136.330157114}