{"_wandb":{"runtime":89},"_runtime":89.030582064,"Neuron 0 Omega":-0.0021685962565243244,"Validation Accuracy":0.6355555555555555,"Train Loss":0.7471341689427694,"Epoch":43,"_timestamp":1.7380813574823122e+09,"Neuron 1 Omega":32.92118453979492,"Neuron 2 Omega":33.4680061340332,"Train Accuracy":0.6704761904761904,"Validation Loss":0.7433478236198425,"_step":171}