{"Neuron 9 Omega":15.08149528503418,"Neuron 6 Omega":17.119001388549805,"_step":3299,"Epoch":300,"Neuron 1 Omega":11.119027137756348,"Validation Loss":0.0070959595032036304,"Train Loss":0.007689474616199732,"Neuron 5 Omega":13.918585777282715,"Neuron 7 Omega":21.37388801574707,"_timestamp":1.737480708577394e+09,"Neuron 0 Omega":-2.7420871257781982,"_runtime":531.172457111,"Validation Accuracy":1,"_wandb":{"runtime":531},"Neuron 8 Omega":31.30864715576172,"Train Accuracy":0.9990476190476191,"Neuron 3 Omega":20.293363571166992,"Neuron 4 Omega":34.52634048461914,"Neuron 2 Omega":21.489763259887695}