{"_runtime":10.177114716,"_step":0,"Validation Loss":1.0986122488975525,"_timestamp":1.7374784833294394e+09,"Epoch":1,"Train Accuracy":0.3223809523809524,"_wandb":{"runtime":10},"Validation Accuracy":0.3488888888888889,"Train Loss":1.098612109820048}