{"Validation Loss":1.0986122488975525,"_wandb":{"runtime":16},"Train Loss":1.098612109820048,"_step":0,"Train Accuracy":0.33714285714285713,"_timestamp":1.7374791318654432e+09,"_runtime":16.09619137,"Validation Accuracy":0.31333333333333335,"Epoch":1}