{"Epoch":24,"_step":119,"Validation Loss":0.4758814573287964,"Train Loss":0.4552476207415263,"_runtime":66.217132448,"Neuron 2 Omega":18.709232330322266,"Train Accuracy":0.6695238095238095,"Neuron 3 Omega":8.973384857177734,"_timestamp":1.7375599459276075e+09,"Validation Accuracy":0.6488888888888888,"Neuron 0 Omega":8.369643211364746,"Neuron 1 Omega":10.983867645263672,"_wandb":{"runtime":67}}