{"_runtime":591.834246052,"Neuron 4 Omega":24.334836959838867,"Validation Loss":0.001118592859711498,"Neuron 0 Omega":5.746840953826904,"Validation Accuracy":1,"Train Loss":0.0011462258149145378,"Neuron 3 Omega":23.71999168395996,"_wandb":{"runtime":591},"Neuron 1 Omega":23.684072494506836,"Train Accuracy":1,"_timestamp":1.7375605596544144e+09,"_step":1799,"Neuron 2 Omega":31.495189666748047,"Epoch":300}