{"_runtime":265.143476721,"Neuron 2 Omega":25.428146362304688,"Train Loss":0.21421215269300672,"_wandb":{"runtime":267},"_timestamp":1.737623329765464e+09,"Neuron 1 Omega":4.103540897369385,"Validation Loss":0.21288058906793594,"_step":359,"Epoch":90,"Neuron 0 Omega":9.03195571899414}