{"Validation Loss":0.012590944301337004,"_wandb":{"runtime":38},"Train Accuracy":1,"_runtime":37.400455026,"_step":13,"Epoch":14,"Train Loss":0.016034790004293125,"Validation Accuracy":1,"_timestamp":1.7375423910126674e+09}