{"_wandb":{"runtime":214},"Neuron 0 Omega":20.16158103942871,"Neuron 3 Omega":20.26751708984375,"Train Loss":4.0906609582533645e-05,"Neuron 4 Omega":20.536714553833008,"Train Accuracy":1,"Neuron 5 Omega":-4.2214907784721145e-12,"Epoch":112,"Validation Accuracy":1,"Neuron 7 Omega":7.161240100860596,"Neuron 8 Omega":-7.54092549214976e-20,"Neuron 2 Omega":31.464895248413086,"_step":1231,"Validation Loss":4.250136589689646e-05,"Neuron 1 Omega":-5.661732332081274e-16,"Neuron 9 Omega":7.400432586669922,"Neuron 6 Omega":7.918898079796337e-21,"_runtime":214.697540027,"_timestamp":1.7375417029049475e+09}